<?xml version="1.0" encoding="utf-8"?>
<MisagoExpress>
    <meID>0</meID>
	<meTitle>2013年03月号</meTitle>
	<meIndexNum>4500</meIndexNum>
	<meCoverImagePath>201303/cover.png</meCoverImagePath>
    <mePage>
      <paNum>1</paNum>
      <paImagePath>201303/pages/1/page.png</paImagePath>
      <paThumbImagePath>201303/pages/1/thumbnail.png</paThumbImagePath>
      <paContext>
        <coOriginX>0.2</coOriginX>
        <coOriginY>0.1</coOriginY>
        <coWidth>0.2</coWidth>
        <coHeight>0.25</coHeight>
        <coAction>
          <acActionName>HTMLで表示する</acActionName>
          <acActionType>1</acActionType>
          <acOwnerArticleID>1</acOwnerArticleID>
          <acMedia>
            <mfFilePath>201303/articles/1/1.html</mfFilePath>
          </acMedia>
        </coAction>
        <coAction>
          <acActionName>ページ3へ遷移</acActionName>
          <acActionType>2</acActionType>
          <acOwnerArticleID>1</acOwnerArticleID>
          <acMedia>
            <mfPageNum>3</mfPageNum>
          </acMedia>
        </coAction>
        <coAction>
          <acActionName>google.co.jpを開ける</acActionName>
          <acActionType>3</acActionType>
          <acOwnerArticleID>1</acOwnerArticleID>
          <acMedia>
            <mfUrl>https://www.google.co.jp/</mfUrl>
          </acMedia>
        </coAction>
        <coAction>
          <acActionName>画像を表示する</acActionName>
          <acActionType>4</acActionType>
          <acOwnerArticleID>1</acOwnerArticleID>
          <acMedia>
            <mfMediaType>2</mfMediaType>
            <mfFilePath>201303/pages/1/mediadata/hanoi.png</mfFilePath>
            <mfCaption>blah blah blah</mfCaption>
          </acMedia>
        </coAction>
        <coAction>
          <acActionName>動画を開始する</acActionName>
          <acActionType>4</acActionType>
          <acOwnerArticleID>1</acOwnerArticleID>
          <acMedia>
            <mfMediaType>3</mfMediaType>
            <mfFilePath>201303/pages/1/mediadata/movie.mov</mfFilePath>
            <mfCaption>blah blah blah</mfCaption>
          </acMedia>
        </coAction>
        <coAction>
          <acActionName>画像を保存する</acActionName>
          <acActionType>5</acActionType>
          <acOwnerArticleID>1</acOwnerArticleID>
          <acMedia>
            <mfMediaType>2</mfMediaType>
            <mfFilePath>201303/pages/1/mediadata/hanoi.png</mfFilePath>
            <mfCaption>blah blah blah</mfCaption>
          </acMedia>
        </coAction>
        <coAction>
          <acActionName>動画を保存する</acActionName>
          <acActionType>5</acActionType>
          <acOwnerArticleID>1</acOwnerArticleID>
          <acMedia>
            <mfMediaType>3</mfMediaType>
            <mfFilePath>201303/pages/1/mediadata/movie.mov</mfFilePath>
            <mfCaption>blah blah blah</mfCaption>
          </acMedia>
        </coAction>
        <coAction>
          <acActionName>クリッピングする</acActionName>
          <acActionType>6</acActionType>
          <acOwnerArticleID>1</acOwnerArticleID>
        </coAction>
      </paContext>
    </mePage>
    <mePage>
      <paNum>2</paNum>
      <paImagePath>201303/pages/2/page.png</paImagePath>
      <paThumbImagePath>201303/pages/2/thumbnail.png</paThumbImagePath>
      <paContext>
        <coOriginX>0.2</coOriginX>
			  <coOriginY>0.1</coOriginY>
			  <coWidth>0.2</coWidth>
			  <coHeight>0.2</coHeight>
			  <coAction>
				  <acActionName>Play movie</acActionName>
				  <acActionType>4</acActionType>
				  <acOwnerArticleID>1</acOwnerArticleID>
				  <acMedia>
					  <mfMediaType>3</mfMediaType>
					  <mfFilePath>201303/pages/1/mediadata/video.mov</mfFilePath>
					  <mfCaption>blah blah blah</mfCaption>
				  </acMedia>
			  </coAction>
			  <coAction>
				  <acActionName>Save image file to library</acActionName>
				  <acActionType>5</acActionType>
                  <acOwnerArticleID>1</acOwnerArticleID>
				  <acMedia>
					  <mfMediaType>2</mfMediaType>
					  <mfFilePath>201303/pages/1/mediadata/kakashi.png</mfFilePath>
            <mfCaption>blah blah blah</mfCaption>
          </acMedia>
        </coAction>
      </paContext>
    </mePage>
    <mePage>
      <paNum>3</paNum>
      <paImagePath>201303/pages/3/page.png</paImagePath>
      <paThumbImagePath>201303/pages/3/thumbnail.png</paThumbImagePath>
      <paContext>
        <coOriginX>0.2</coOriginX>
			  <coOriginY>0.2</coOriginY>
			  <coWidth>0.2</coWidth>
			  <coHeight>0.2</coHeight>
        <coAction>
				  <acActionName>Save image file to library</acActionName>
				  <acActionType>5</acActionType>
				  <acOwnerArticleID>1</acOwnerArticleID>
				  <acMedia>
					  <mfMediaType>2</mfMediaType>
					  <mfFilePath>201303/pages/1/mediadata/kakashi.png</mfFilePath>
            <mfCaption>blah blah blah</mfCaption>
          </acMedia>
        </coAction>
      </paContext>
    </mePage>
    <meArticle>
      <arID>1</arID>
      <arTitle>201303 Title A</arTitle>
      <arSummary>blah blah blah</arSummary>
      <arKeywords>keyword1,keyword2</arKeywords>
      <arStartPageNum>1</arStartPageNum>
      <arEndPageNum>1</arEndPageNum>
      <arHtmlPath>201303/articles/1/1.html</arHtmlPath>
    </meArticle>
    <meArticle>
      <arID>2</arID>
      <arTitle>201303 Title B</arTitle>
      <arSummary>blah blah blah</arSummary>
      <arKeywords>keyword1,keyword2</arKeywords>
      <arStartPageNum>2</arStartPageNum>
      <arEndPageNum>3</arEndPageNum>
      <arHtmlPath>201303/articles/1/1.html</arHtmlPath>
    </meArticle>
    <meArticle>
      <arID>3</arID>
      <arTitle>201303 Title C</arTitle>
      <arSummary>blah blah blah</arSummary>
      <arKeywords>keyword1,keyword2</arKeywords>
      <arStartPageNum>3</arStartPageNum>
      <arEndPageNum>3</arEndPageNum>
      <arHtmlPath>201303/articles/1/1.html</arHtmlPath>
    </meArticle>
</MisagoExpress>
