<?xml version="1.0" encoding="utf-8"?>
<MisagoExpress>
    <meID>2</meID>
	<meTitle>2013年2月号</meTitle>
	<meIndexNum>4500</meIndexNum>
	<meCoverImagePath>201302/cover.png</meCoverImagePath>
    <mePage>
      <paNum>1</paNum>
      <paImagePath>201302/pages/1.jpg</paImagePath>
      <paThumbImagePath>201302/pages/1.jpg</paThumbImagePath>
    </mePage>
    <mePage>
      <paNum>2</paNum>
      <paImagePath>201302/pages/2.jpg</paImagePath>
      <paThumbImagePath>201302/pages/2.jpg</paThumbImagePath>
    </mePage>
    <mePage>
      <paNum>3</paNum>
      <paImagePath>201302/pages/3.jpg</paImagePath>
      <paThumbImagePath>201302/pages/3.jpg</paThumbImagePath>
    </mePage>
    <mePage>
      <paNum>4</paNum>
      <paImagePath>201302/pages/4.jpg</paImagePath>
      <paThumbImagePath>201302/pages/4.jpg</paThumbImagePath>
    </mePage>
    <mePage>
      <paNum>5</paNum>
      <paImagePath>201302/pages/5.jpg</paImagePath>
      <paThumbImagePath>201302/pages/5.jpg</paThumbImagePath>
    </mePage>
    <mePage>
      <paNum>6</paNum>
      <paImagePath>201302/pages/6.jpg</paImagePath>
      <paThumbImagePath>201302/pages/6.jpg</paThumbImagePath>
    </mePage>
    <mePage>
      <paNum>7</paNum>
      <paImagePath>201302/pages/7.jpg</paImagePath>
      <paThumbImagePath>201302/pages/7.jpg</paThumbImagePath>
    </mePage>
    <mePage>
      <paNum>8</paNum>
      <paImagePath>201302/pages/8.jpg</paImagePath>
      <paThumbImagePath>201302/pages/8.jpg</paThumbImagePath>
    </mePage>
    <mePage>
      <paNum>9</paNum>
      <paImagePath>201302/pages/9.jpg</paImagePath>
      <paThumbImagePath>201302/pages/9.jpg</paThumbImagePath>
    </mePage>
    <meArticle>
      <arID>1</arID>
      <arTitle>Title A</arTitle>
      <arSummary>blah blah blah</arSummary>
      <arKeywords>keyword1,keyword2</arKeywords>
      <arStartPageNum>1</arStartPageNum>
      <arEndPageNum>1</arEndPageNum>
      <arHtmlPath>201303/articles/1/1.html</arHtmlPath>
    </meArticle>
    <meArticle>
      <arID>2</arID>
      <arTitle>Title B</arTitle>
      <arSummary>blah blah blah</arSummary>
      <arKeywords>keyword1,keyword2</arKeywords>
      <arStartPageNum>2</arStartPageNum>
      <arEndPageNum>3</arEndPageNum>
    </meArticle>
    <meArticle>
      <arID>3</arID>
      <arTitle>Title C</arTitle>
      <arSummary>blah blah blah</arSummary>
      <arKeywords>keyword1,keyword2</arKeywords>
      <arStartPageNum>3</arStartPageNum>
      <arEndPageNum>3</arEndPageNum>
    </meArticle>
</MisagoExpress>
