<MisagoExpress>
  <meId>3</meId>
  <meTitle>2013年1月号</meTitle>
  <meIndexNum>1</meIndexNum>
  <meCoverImagePath>20131/cover.png</meCoverImagePath>
  <meArticle>
    <arID>1</arID>
    <arTitle>【1】現行末梢ステントの課題と今後求められるステントへの期待</arTitle>
    <arSummary></arSummary>
    <arKeyword>ステント,浅大腿動脈,</arKeyword>
    <arStartPageNum>3</arStartPageNum>
    <arEndPageNum>5</arEndPageNum>
  </meArticle>
  <meArticle>
    <arID>2</arID>
    <arTitle>【4】欧州の臨床成績について</arTitle>
    <arSummary></arSummary>
    <arKeyword>浅大腿動脈領域,ステント,</arKeyword>
    <arStartPageNum>2</arStartPageNum>
    <arEndPageNum>2</arEndPageNum>
  </meArticle>
  <meArticle>
    <arID>3</arID>
    <arTitle>【5】ミサゴのPMSがスタートするにあたりミサゴPMS</arTitle>
    <arSummary></arSummary>
    <arKeyword>Xステント,Yステント,</arKeyword>
    <arStartPageNum>6</arStartPageNum>
    <arEndPageNum>6</arEndPageNum>
  </meArticle>
  <meArticle>
    <arID>4</arID>
    <arTitle>【6】国内のEVTは今後グローバル化か、あるいはガラパゴス化かどちらに進むか</arTitle>
    <arSummary></arSummary>
    <arKeyword>EVT,ステント,</arKeyword>
    <arStartPageNum>7</arStartPageNum>
    <arEndPageNum>7</arEndPageNum>
  </meArticle>
  <meArticle>
    <arID>5</arID>
    <arTitle>【2】その中で柔軟ステンとミサゴのポジショニングとBMSとDESとの使い分け</arTitle>
    <arSummary></arSummary>
    <arKeyword>DES,BMS,</arKeyword>
    <arStartPageNum>1</arStartPageNum>
    <arEndPageNum>1</arEndPageNum>
  </meArticle>
  <meArticle>
    <arID>6</arID>
    <arTitle>【3】misagoは世界初のSFAステントのRX-selfexpandableステントシステムの利点と期待</arTitle>
    <arSummary></arSummary>
    <arKeyword>RXシステム,ワイヤー,</arKeyword>
    <arStartPageNum/><arEndPageNum/>
  </meArticle>
  <meArticle>
    <arID>7</arID>
    <arTitle>【7】国産メーカーテルモへのアドバイス</arTitle>
    <arSummary></arSummary>
    <arKeyword>カテーテルメーカー,バルーン,</arKeyword>
    <arStartPageNum>8</arStartPageNum>
    <arEndPageNum>8</arEndPageNum>
  </meArticle>
  <meArticle>
    <arID>8</arID>
    <arTitle>飯田修先生プロフィール</arTitle>
    <arSummary></arSummary>
    <arKeyword>飯田,兵庫医科大学,関西ろうさい病院,</arKeyword>
    <arStartPageNum>9</arStartPageNum>
    <arEndPageNum>9</arEndPageNum>
  </meArticle>
  <meArticle>
    <arID>9</arID>
    <arTitle>治験症例 Case-1</arTitle>
    <arSummary></arSummary>
    <arKeyword>狭心症,</arKeyword>
    <arStartPageNum>10</arStartPageNum>
    <arEndPageNum>10</arEndPageNum>
  </meArticle>
  <meArticle>
    <arID>10</arID>
    <arTitle>治験症例 Case-2</arTitle>
    <arSummary></arSummary>
    <arKeyword></arKeyword>
    <arStartPageNum>11</arStartPageNum>
    <arEndPageNum>12</arEndPageNum>
  </meArticle>
  <meArticle>
    <arID>11</arID>
    <arTitle>PMSの傾向をつかむ！</arTitle>
    <arSummary></arSummary>
    <arKeyword></arKeyword>
    <arStartPageNum>13</arStartPageNum>
    <arEndPageNum>15</arEndPageNum>
  </meArticle>
  <meArticle>
    <arID>12</arID><arTitle>国内 Misago 初期評価</arTitle>
    <arSummary>みなさんから寄せられた PMS 情報をまとめました。 今後の活動にお役立て下さい!</arSummary>
    <arKeyword>ハンドリング,留置正確性,造影面,Stent特性,</arKeyword>
    <arStartPageNum>15</arStartPageNum>
    <arEndPageNum>15</arEndPageNum>
  </meArticle>
  <meArticle>
    <arID>13</arID>
    <arTitle>初荷式レポートfrom 愛鷹工場</arTitle>
    <arSummary></arSummary>
    <arKeyword>愛鷹工場,Misago,初出荷,</arKeyword>
    <arStartPageNum>16</arStartPageNum>
    <arEndPageNum>17</arEndPageNum>
  </meArticle>
  <meArticle>
    <arID>14</arID>
    <arTitle>Misagoビトロ評価</arTitle>
    <arSummary></arSummary>
    <arKeyword></arKeyword>
    <arStartPageNum>19</arStartPageNum>
    <arEndPageNum>27</arEndPageNum>
  </meArticle>
  <meArticle>
    <arID>15</arID>
    <arTitle>Misagoビトロ評価　血管追従性 / プッシャビリティ 0.035”</arTitle>
    <arSummary></arSummary>
    <arKeyword>血管追従性,</arKeyword>
    <arStartPageNum/>
    <arEndPageNum/>
  </meArticle>
  <meArticle>
    <arID>16</arID>
    <arTitle>Misagoビトロ評価　血管追従性 / プッシャビリティ 0.014”</arTitle>
    <arSummary></arSummary>
    <arKeyword>血管追従性,プッシャビリティ,</arKeyword>
    <arStartPageNum>21</arStartPageNum>
    <arEndPageNum>21</arEndPageNum>
  </meArticle>
  <meArticle>
    <arID>17</arID>
    <arTitle>Misagoビトロ評価　留置確性 ノーマルモデル（位置修正なしの場合）</arTitle>
    <arSummary></arSummary>
    <arKeyword></arKeyword>
    <arStartPageNum>23</arStartPageNum>
    <arEndPageNum>23</arEndPageNum>
  </meArticle>
  <meArticle>
    <arID>18</arID>
    <arTitle>Misagoビトロ評価　留置正確性 屈曲+狭窄 モデル（位置修正なしの場合）</arTitle>
    <arSummary></arSummary>
    <arKeyword>留置正確性,屈曲,狭窄,</arKeyword>
    <arStartPageNum>24</arStartPageNum>
    <arEndPageNum>24</arEndPageNum>
  </meArticle>
  <meArticle>
    <arID>19</arID>
    <arTitle>Misagoビトロ評価　毛羽立ち</arTitle>
    <arSummary></arSummary>
    <arKeyword></arKeyword>
    <arStartPageNum>25</arStartPageNum>
    <arEndPageNum>25</arEndPageNum>
  </meArticle>
  <meArticle>
    <arID>20</arID>
    <arTitle>Misagoビトロ評価　評価後インタビュー</arTitle>
    <arSummary></arSummary>
    <arKeyword></arKeyword>
    <arStartPageNum>26</arStartPageNum>
    <arEndPageNum>26</arEndPageNum>
  </meArticle>
  <meArticle>
    <arID>21</arID>
    <arTitle>留置正確性実験結果からの啓発事項</arTitle>
    <arSummary></arSummary>
    <arKeyword></arKeyword>
    <arStartPageNum/>
    <arEndPageNum/>
  </meArticle>
  <meArticle>
    <arID>22</arID>
    <arTitle>学会・セミナースケジュール</arTitle>
    <arSummary></arSummary>
    <arKeyword></arKeyword>
    <arStartPageNum/>
    <arEndPageNum/>
  </meArticle>
  <meArticle>
    <arID>23</arID>
    <arTitle>学会活動報告</arTitle>
    <arSummary></arSummary>
    <arKeyword></arKeyword>
    <arStartPageNum>18</arStartPageNum>
    <arEndPageNum>22</arEndPageNum>
  </meArticle>
  <mePage>
    <paNum>24</paNum>
    <paImagePath>20131/pages/1/24/mediadata/Vol3_h1_0130.jpg</paImagePath>
    <paThumbImagePath>20131/pages/1/24/mediadata/cover/Vol3_h1_0130.jpg</paThumbImagePath>
    <paContext>
      <coOriginX>15</coOriginX>
      <coOriginY>25</coOriginY>
      <coWidth>231</coWidth>
      <coHeight>318</coHeight>
    </paContext>
  </mePage>
  <mePage>
    <paNum>25</paNum>
    <paImagePath>20131/pages/1/25/mediadata/Vol3_p02_0130.jpg</paImagePath>
    <paThumbImagePath>20131/pages/1/25/mediadata/cover/Vol3_p02_0130.jpg</paThumbImagePath>
    <paContext>
      <coOriginX>15</coOriginX>
      <coOriginY>25</coOriginY>
      <coWidth>231</coWidth>
      <coHeight>318</coHeight>
      </paContext>
    </mePage>
  <mePage>
    <paNum>26</paNum>
    <paImagePath>20131/pages/5/26/mediadata/Vol3_p03_0131.jpg</paImagePath>
    <paThumbImagePath>20131/pages/5/26/mediadata/cover/Vol3_p03_0131.jpg</paThumbImagePath>
    <paContext>
      <coOriginX>10</coOriginX>
      <coOriginY>35</coOriginY>
      <coWidth>743</coWidth>
      <coHeight>497</coHeight>
      </paContext>
  </mePage>
  <mePage>
    <paNum>28</paNum>
    <paImagePath>20131/pages/2/28/mediadata/Vol3_p04_0130.jpg</paImagePath>
    <paThumbImagePath>20131/pages/2/28/mediadata/cover/Vol3_p04_0130.jpg</paThumbImagePath>
    <paContext>
      <coOriginX>364</coOriginX>
      <coOriginY>482</coOriginY>
      <coWidth>371</coWidth>
      <coHeight>489</coHeight>
      <coAction>
        <acActionName>ファイルをライトボックスで表示</acActionName>
        <acActionType>3</acActionType>
        <acOwnerArticleID>2</acOwnerArticleID>
        <acMedia>
          <mfFilePath>articles/2/DPP_0019.jpg</mfFilePath>
          <mfCaption></mfCaption>
        </acMedia>
      </coAction>
      <coAction>
        <acActionName>ファイルをローカルに保存</acActionName>
        <acActionType>4</acActionType>
        <acOwnerArticleID>2</acOwnerArticleID>
        <acMedia>
          <mfFilePath>articles/2/DPP_0019.jpg</mfFilePath>
          <mfCaption></mfCaption>
        </acMedia>
      </coAction>
    </paContext>
  </mePage>
  <mePage>
    <paNum>29</paNum>
    <paImagePath>20131/pages/1/29/mediadata/Vol3_p01_0130.jpg</paImagePath>
    <paThumbImagePath>20131/pages/1/29/mediadata/cover/Vol3_p01_0130.jpg</paThumbImagePath>
    <paContext>
      <coOriginX>364</coOriginX>
      <coOriginY>482</coOriginY>
      <coWidth>371</coWidth>
      <coHeight>489</coHeight>
    </paContext>
  </mePage>
  <mePage>
    <paNum>30</paNum>
    <paImagePath>20131/pages/3/30/mediadata/Vol3_p05_0130.jpg</paImagePath>
    <paThumbImagePath>20131/pages/3/30/mediadata/cover/Vol3_p05_0130.jpg</paThumbImagePath>
    <paContext>
      <coOriginX>24</coOriginX>
      <coOriginY>480</coOriginY>
      <coWidth>649</coWidth>
      <coHeight>280</coHeight>
      <coAction>
        <acActionName>ファイルをライトボックスで表示</acActionName>
        <acActionType>3</acActionType>
        <acOwnerArticleID>3</acOwnerArticleID>
        <acMedia>
          <mfFilePath>articles/3/DPP_0031.jpg</mfFilePath>
          <mfCaption></mfCaption>
        </acMedia>
      </coAction>
      <coAction>
        <acActionName>ファイルをローカルに保存</acActionName>
        <acActionType>4</acActionType>
        <acOwnerArticleID>3</acOwnerArticleID>
        <acMedia>
          <mfFilePath>articles/3/DPP_0031.jpg</mfFilePath>
          <mfCaption></mfCaption>
        </acMedia>
      </coAction>
    </paContext>
  </mePage>
  <mePage>
    <paNum>31</paNum>
    <paImagePath>20131/pages/4/31/mediadata/Vol3_p06_0126.jpg</paImagePath>
    <paThumbImagePath>20131/pages/4/31/mediadata/cover/Vol3_p06_0126.jpg</paThumbImagePath>
    <paContext>
      <coOriginX>25</coOriginX>
      <coOriginY>184</coOriginY>
      <coWidth>258</coWidth>
      <coHeight>569</coHeight>
      <coAction>
        <acActionName>ファイルをライトボックスで表示</acActionName>
        <acActionType>3</acActionType>
        <acOwnerArticleID>4</acOwnerArticleID>
        <acMedia>
          <mfFilePath>articles/4/DPP_0075.jpg</mfFilePath>
          <mfCaption></mfCaption>
        </acMedia>
      </coAction>
      <coAction>
        <acActionName>ファイルをローカルに保存</acActionName>
        <acActionType>4</acActionType>
        <acOwnerArticleID>4</acOwnerArticleID>
        <acMedia>
          <mfFilePath>articles/4/DPP_0075.jpg</mfFilePath>
          <mfCaption></mfCaption>
        </acMedia>
      </coAction>
    </paContext>
  </mePage>
  <mePage>
    <paNum>32</paNum>
    <paImagePath>20131/pages/7/32/mediadata/Vol3_p07_0130.jpg</paImagePath>
    <paThumbImagePath>20131/pages/7/32/mediadata/cover/Vol3_p07_0130.jpg</paThumbImagePath>
    <paContext>
      <coOriginX>11</coOriginX>
      <coOriginY>35</coOriginY>
      <coWidth>251</coWidth>
      <coHeight>287</coHeight>
    </paContext>
  </mePage>
  <mePage>
    <paNum>33</paNum>
    <paImagePath>20131/pages/8/33/mediadata/Vol3_p08_0129.jpg</paImagePath>
    <paThumbImagePath>20131/pages/8/33/mediadata/cover/Vol3_p08_0129.jpg</paThumbImagePath>
    <paContext>
      <coOriginX>30</coOriginX>
      <coOriginY>696</coOriginY>
      <coWidth>149</coWidth>
      <coHeight>164</coHeight>
      <coAction>
        <acActionName>ファイルをライトボックスで表示</acActionName>
        <acActionType>3</acActionType>
        <acOwnerArticleID>8</acOwnerArticleID>
        <acMedia>
          <mfFilePath>articles/8/iida.jpg</mfFilePath>
          <mfCaption></mfCaption>
        </acMedia>
      </coAction>
      <coAction>
        <acActionName>ファイルをローカルに保存</acActionName>
        <acActionType>4</acActionType>
        <acOwnerArticleID>8</acOwnerArticleID>
        <acMedia>
          <mfFilePath>articles/8/iida.jpg</mfFilePath>
          <mfCaption></mfCaption>
        </acMedia>
      </coAction>
    </paContext>
  </mePage>
  <mePage>
    <paNum>34</paNum>
    <paImagePath>20131/pages/9/34/mediadata/Vol3_p09_0126.jpg</paImagePath>
    <paThumbImagePath>20131/pages/9/34/mediadata/cover/Vol3_p09_0126.jpg</paThumbImagePath>
    <paContext>
      <coOriginX>555</coOriginX>
      <coOriginY>167</coOriginY>
      <coWidth>172</coWidth>
      <coHeight>199</coHeight>
      <coAction>
        <acActionName>ファイルをライトボックスで表示</acActionName>
        <acActionType>3</acActionType>
        <acOwnerArticleID>9</acOwnerArticleID>
        <acMedia>
          <mfFilePath>20131/articles/9/case1.jpg</mfFilePath>
          <mfCaption>DSA</mfCaption>
        </acMedia>
      </coAction>
      <coAction>
        <acActionName>ファイルをローカルに保存</acActionName>
        <acActionType>4</acActionType>
        <acOwnerArticleID>9</acOwnerArticleID>
        <acMedia>
          <mfFilePath>articles/9/case1.jpg</mfFilePath>
          <mfCaption>DSA</mfCaption>
        </acMedia>
      </coAction>
    </paContext>
  </mePage>
  <mePage>
    <paNum>35</paNum>
    <paImagePath>20131/pages/10/35/mediadata/Vol3_p10_0131.jpg</paImagePath>
    <paThumbImagePath>20131/pages/10/35/mediadata/cover/Vol3_p10_0131.jpg</paThumbImagePath>
    <paContext>
      <coOriginX>484</coOriginX>
      <coOriginY>244</coOriginY>
      <coWidth>118</coWidth>
      <coHeight>159</coHeight>
      <coAction>
        <acActionName>ファイルをライトボックスで表示</acActionName>
        <acActionType>3</acActionType>
        <acOwnerArticleID>10</acOwnerArticleID>
        <acMedia>
          <mfFilePath>articles/10/case3-2.jpg</mfFilePath>
          <mfCaption></mfCaption>
        </acMedia>
      </coAction>
      <coAction>
        <acActionName>ファイルをローカルに保存</acActionName>
        <acActionType>4</acActionType>
        <acOwnerArticleID>10</acOwnerArticleID>
        <acMedia>
          <mfFilePath>articles/10/case3-2.jpg</mfFilePath>
          <mfCaption></mfCaption>
        </acMedia>
      </coAction>
    </paContext>
  </mePage>
  <mePage>
    <paNum>36</paNum>
    <paImagePath>20131/pages/10/36/mediadata/Vol3_p11_0131.jpg</paImagePath>
    <paThumbImagePath>20131/pages/10/36/mediadata/cover/Vol3_p11_0131.jpg</paThumbImagePath>
    <paContext>
      <coOriginX>25</coOriginX>
      <coOriginY>263</coOriginY>
      <coWidth>150</coWidth>
      <coHeight>268</coHeight>
      <coAction>
        <acActionName>ファイルをライトボックスで表示</acActionName>
        <acActionType>3</acActionType>
        <acOwnerArticleID>10</acOwnerArticleID>
        <acMedia>
          <mfFilePath>articles/10/case2-1.jpg</mfFilePath>
          <mfCaption>Post POBA</mfCaption>
        </acMedia>
      </coAction>
      <coAction>
        <acActionName>ファイルをローカルに保存</acActionName>
        <acActionType>4</acActionType>
        <acOwnerArticleID>10</acOwnerArticleID>
        <acMedia>
          <mfFilePath>articles/10/case2-1.jpg</mfFilePath>
          <mfCaption>Post POBA</mfCaption>
        </acMedia>
      </coAction>
    </paContext>
  </mePage>
  <mePage>
    <paNum>37</paNum>
    <paImagePath>20131/pages/11/37/mediadata/Vol3_p12_0130.jpg</paImagePath>
    <paThumbImagePath>20131/pages/11/37/mediadata/cover/Vol3_p12_0130.jpg</paThumbImagePath>
    <paContext>
      <coOriginX>25</coOriginX>
      <coOriginY>263</coOriginY>
      <coWidth>149</coWidth>
      <coHeight>267</coHeight>
    </paContext>
  </mePage>
  <mePage>
    <paNum>38</paNum>
    <paImagePath>20131/pages/11/38/mediadata/Vol3_p13_0130.jpg</paImagePath>
    <paThumbImagePath>20131/pages/11/38/mediadata/cover/Vol3_p13_0130.jpg</paThumbImagePath>
    <paContext>
      <coOriginX>25</coOriginX>
      <coOriginY>263</coOriginY>
      <coWidth>145</coWidth>
      <coHeight>261</coHeight>
    </paContext>
  </mePage>
  <mePage>
    <paNum>39</paNum>
    <paImagePath>20131/pages/11/39/mediadata/Vol3_p14_0131.jpg</paImagePath>
    <paThumbImagePath>20131/pages/11/39/mediadata/cover/Vol3_p14_0131.jpg</paThumbImagePath>
    <paContext>
      <coOriginX>25</coOriginX>
      <coOriginY>263</coOriginY>
      <coWidth>149</coWidth>
      <coHeight>267</coHeight>
    </paContext>
  </mePage>
  <mePage>
    <paNum>40</paNum>
    <paImagePath>20131/pages/13/40/mediadata/Vol3_p15_0129.jpg</paImagePath>
    <paThumbImagePath>20131/pages/13/40/mediadata/cover/Vol3_p15_0129.jpg</paThumbImagePath>
    <paContext>
      <coOriginX>25</coOriginX>
      <coOriginY>263</coOriginY>
      <coWidth>149</coWidth>
      <coHeight>267</coHeight>
    </paContext>
  </mePage>
  <mePage>
    <paNum>41</paNum>
    <paImagePath>20131/pages/13/41/mediadata/Vol3_p16_0131-2.jpg</paImagePath>
    <paThumbImagePath>20131/pages/13/41/mediadata/cover/Vol3_p16_0131-2.jpg</paThumbImagePath>
    <paContext>
      <coOriginX>615</coOriginX>
      <coOriginY>165</coOriginY>
      <coWidth>141</coWidth>
      <coHeight>75</coHeight>
      <coAction>
        <acActionName>HTMLで表示</acActionName>
        <acActionType>2</acActionType>
        <acOwnerArticleID>13</acOwnerArticleID>
        <acMedia>
          <mfButtonname></mfButtonname>
          <mfPage>18</mfPage>
        </acMedia>
      </coAction>
    </paContext>
  </mePage>
  <mePage>
    <paNum>42</paNum>
    <paImagePath>20131/pages/23/42/mediadata/Vol3_p17_0130-2.jpg</paImagePath>
    <paThumbImagePath>20131/pages/23/42/mediadata/cover/Vol3_p17_0130-2.jpg</paThumbImagePath>
    <paContext>
      <coOriginX>615</coOriginX>
      <coOriginY>165</coOriginY>
      <coWidth>147</coWidth>
      <coHeight>78</coHeight>
    </paContext>
  </mePage>
  <mePage>
    <paNum>43</paNum>
    <paImagePath>20131/pages/14/43/mediadata/Vol3_p18_0125.jpg</paImagePath>
    <paThumbImagePath>20131/pages/14/43/mediadata/cover/Vol3_p18_0125.jpg</paThumbImagePath>
    <paContext>
      <coOriginX>35</coOriginX>
      <coOriginY>93</coOriginY>
      <coWidth>145</coWidth>
      <coHeight>77</coHeight>
    </paContext>
  </mePage>
  <mePage>
    <paNum>44</paNum>
    <paImagePath>20131/pages/14/44/mediadata/Vol3_p19_0130.jpg</paImagePath>
    <paThumbImagePath>20131/pages/14/44/mediadata/cover/Vol3_p19_0130.jpg</paThumbImagePath>
    <paContext>
      <coOriginX>615</coOriginX>
      <coOriginY>164</coOriginY>
      <coWidth>138</coWidth>
      <coHeight>72</coHeight>
    </paContext>
  </mePage>
  <mePage>
    <paNum>45</paNum>
    <paImagePath>20131/pages/14/45/mediadata/Vol3_p20_0126.jpg</paImagePath>
    <paThumbImagePath>20131/pages/14/45/mediadata/cover/Vol3_p20_0126.jpg</paThumbImagePath>
    <paContext>
      <coOriginX>615</coOriginX>
      <coOriginY>165</coOriginY>
      <coWidth>141</coWidth>
      <coHeight>75</coHeight>
    </paContext>
  </mePage>
  <mePage>
    <paNum>46</paNum>
    <paImagePath>20131/pages/16/46/mediadata/Vol3_p21_0126.jpg</paImagePath>
    <paThumbImagePath>20131/pages/16/46/mediadata/cover/Vol3_p21_0126.jpg</paThumbImagePath>
    <paContext>
      <coOriginX>615</coOriginX>
      <coOriginY>165</coOriginY>
      <coWidth>138</coWidth>
      <coHeight>71</coHeight>
    </paContext>
  </mePage>
  <mePage>
    <paNum>47</paNum>
    <paImagePath>20131/pages/17/47/mediadata/Vol3_p22_0126.jpg</paImagePath>
    <paThumbImagePath>20131/pages/17/47/mediadata/cover/Vol3_p22_0126.jpg</paThumbImagePath>
    <paContext>
      <coOriginX>615</coOriginX>
      <coOriginY>165</coOriginY>
      <coWidth>138</coWidth>
      <coHeight>71</coHeight>
    </paContext>
  </mePage>
  <mePage>
    <paNum>48</paNum>
    <paImagePath>20131/pages/18/48/mediadata/Vol3_p23_0126.jpg</paImagePath>
    <paThumbImagePath>20131/pages/18/48/mediadata/cover/Vol3_p23_0126.jpg</paThumbImagePath>
    <paContext>
      <coOriginX>615</coOriginX>
      <coOriginY>165</coOriginY>
      <coWidth>137</coWidth>
      <coHeight>69</coHeight>
    </paContext>
  </mePage>
  <mePage>
    <paNum>49</paNum>
    <paImagePath>20131/pages/19/49/mediadata/Vol3_p24_0126.jpg</paImagePath>
    <paThumbImagePath>20131/pages/19/49/mediadata/cover/Vol3_p24_0126.jpg</paThumbImagePath>
    <paContext>
      <coOriginX>615</coOriginX>
      <coOriginY>165</coOriginY>
      <coWidth>138</coWidth>
      <coHeight>71</coHeight>
    </paContext>
  </mePage>
  <mePage>
    <paNum>50</paNum>
    <paImagePath>20131/pages/20/50/mediadata/Vol3_p25_0126.jpg</paImagePath>
    <paThumbImagePath>20131/pages/20/50/mediadata/cover/Vol3_p25_0126.jpg</paThumbImagePath>
    <paContext>
      <coOriginX>615</coOriginX>
      <coOriginY>165</coOriginY>
      <coWidth>138</coWidth>
      <coHeight>71</coHeight>
    </paContext>
  </mePage>
  <mePage>
    <paNum>51</paNum>
    <paImagePath>20131/pages/23/51/mediadata/Vol3_p26_0131-2.jpg</paImagePath>
    <paThumbImagePath>20131/pages/23/51/mediadata/cover/Vol3_p26_0131-2.jpg</paThumbImagePath>
    <paContext>
      <coOriginX>440</coOriginX>
      <coOriginY>405</coOriginY>
      <coWidth>298</coWidth>
      <coHeight>57</coHeight>
    </paContext>
  </mePage>
</MisagoExpress>
